active,manufacturer,type,description,v_iso_kvac,thickness_mm,surface_interface,mounting,k_wm1k1,rth_area_no_press_mm2kw,rth_area_35n_mm2kw,rth_area_max_mm2kw,max_pressure_ncm2,eps_r,notes
yes,LairdTech,Tgard TNC-4,thermally conductive heat curable adhesive insulator foil,6.0,0.125,yes,yes,,,193.55,,,,
yes,LairdTech,Tgard TNC-5,thermally conductive heat curable adhesive insulator foil,6.0,0.127,yes,yes,,,193.55,,,,
yes,LairdTech,Tgard 5000,thermally conductive insulator foil with silicone @ 50psi,6.0,0.127,yes,no,,,258.0,148.0,276.0,,
,Kerafol,Keratherm U90,thermally conductive insulator foil silicone free @ 50psi,4.0,0.2,yes,no,6.0,33.333,45.2,32.9,60.0,3.1,
,Kerafol,Keratherm U85,thermally conductive insulator foil silicone free,6.0,0.2,yes,no,3.0,,60.2,58.064,60.0,1.96,
,Kerafol,Keratherm 86/60,thermally conductive insulator foil,5.0,0.25,yes,no,4.5,,56.0,,60.0,1.47,
,HALA,TFO-X200-SI-A1,thermally conductive insulator foil with silicone,3.0,0.2,yes,no,5.0,40.0,135.484,77.419,100.0,,
,HALA,TFO-X300-SI-A1,thermally conductive insulator foil with silicone,6.0,0.3,yes,no,5.0,60.0,154.838,103.226,100.0,,
,HALA,TPC-P051-KA,thermally conductive insulator foil with phase-change compound,5.5,0.051,yes,no,,,72.903,,100.0,4.2,
,HALA,TPC-P077-KA,thermally conductive insulator foil with phase-change compound,9.2,0.077,yes,no,,,129.032,,100.0,4.2,
,HALA,TPC-P102-KA,thermally conductive insulator foil with phase-change compound,12.3,0.102,yes,no,,,187.096,,100.0,4.2,
,HALA,TPC-N051-PI,thermally conductive insulator foil with phase-change compound,5.4,0.051,yes,no,,,83.871,,100.0,4.0,
,HALA,TPC-N077-PI,thermally conductive insulator foil with phase-change compound,9.0,0.077,yes,no,,,141.935,,100.0,4.0,
,HALA,TPC-N102-PI,thermally conductive insulator foil with phase-change compound,13.5,0.102,yes,no,,,203.225,,100.0,4.0,
,HALA,TPC-S050-KA,thermally conductive insulator foil with phase-change compound,4.2,0.05,yes,no,,,83.871,80.645,100.0,1.8,
,HALA,TPC-S075-KA,thermally conductive insulator foil with phase-change compound,7.8,0.075,yes,no,,,145.161,145.161,100.0,1.8,
,Bergquist,HF300P-0.001,thermally conductive insulator foil with phase-change compound,5.0,0.102,yes,no,,,77.419,77.419,137.931,4.5,
,Bergquist,HF300P-0.002,thermally conductive insulator foil with phase-change compound,5.0,0.127,yes,no,,,122.580,116.129,137.931,,
,Aavid Kunze,KU-ALC5/H,alu foil with phase-change compound,0.0,0.076,yes,no,,,14.839,12.258,70.0,,
,Aavid Kunze,KU-ALF5/H2,alu foil with phase-change compound,0.0,0.076,yes,no,,,7.742,5.806,70.0,,
,Aavid Kunze,KU-S30 7-724,thermally conductive silicone cap,6.0,0.3,yes,no,2.0,150.0,129.032,,,,6.3
,Aavid Kunze,KU-C30 7-724,thermally conductive silicone cap,10.0,0.3,yes,no,1.5,200.0,193.548,,,,6.0
,Wacker,P12,TIM paste (guarded hot plate),0.0,0.05,yes,no,0.8,62.5,,,,,
,Electrolube,HTC,TIM paste (guarded hot plate),0.0,0.05,yes,no,0.9,55.556,,,,,
,Electrolube,HTCX,TIM paste (guarded hot plate),0.0,0.05,yes,no,1.35,37.037,,,,,
,Electrolube,HTCP,TIM paste (guarded hot plate),0.0,0.05,yes,no,2.5,20.0,,,,,
,Electrolube,HTCPX-LV,TIM paste (guarded hot plate),0.0,0.05,yes,no,3.0,16.667,,,,,
,Electrolube,HTCPX,Gapfiller paste (guarded hot plate),0.0,0.3,yes,no,3.4,88.235,,,,,
,Kerafol,Softtherm 86/600,Gapfiller pad 0.5mm,1.5,0.5,yes,no,6.0,83.333,,,,,
,HALA,TGF-JXS1000-SI-A1,Gapfiller pad 1mm,10.0,1.0,yes,no,2.0,500.0,135.484,122.580,60.0,,quote
,HALA,TGF-JXS2000-SI-A1,Gapfiller pad 2mm,20.0,2.0,yes,no,2.0,1000.0,174.193,135.484,60.0,,quote
,LairdTech,Tflex 50000,Gapfiller pad 3mm,14.0,3.0,yes,no,2.8,1071.429,,,,,
,,Ceramic,Ceramic Al2O3,7.6,0.38,no,no,24.0,15.833,,,,,
,,Ceramic,Ceramic AlN,12.6,0.63,no,no,170.0,3.706,,,,,
,,Ceramic,Ceramic Si3N4,,,no,no,90.0,,,,,,
,,Solder,Solder,0.0,0.1,no,yes,65.0,1.538,,,,,
,,Copper,Copper,0.0,0.3,no,no,385.0,0.779,,,,,
,,Aluminium,Aluminium,0.0,,no,no,235.0,,,,,,
